Character,Final_Label,Series,Year,Network
TK Strand,Gay,9-1-1: Lone Star,2020–2025,Fox
Carlos Reyes,Gay,9-1-1: Lone Star,2020–2025,Fox
Paul Strickland,Transgender,9-1-1: Lone Star,2020–2025,Fox
Nancy Gillian,Bisexual,9-1-1: Lone Star,2020–2025,Fox
Hikari Kuina,Transgender,Alice in Borderland,2020–,Netflix
Dawn Schafer,[MANUAL_ENTRY_REQUIRED],The Baby-Sitters Club,2020–2021,Netflix
Natalie Garcia,Lesbian,The Baker and the Beauty,2020,ABC
Amy,Lesbian,The Baker and the Beauty,2020,ABC
Jerrie Kennedy,Transgender,Big Sky,2020–23,ABC
Chris Ackerman,Pansexual,Blood & Water,2020–2024,Netflix
Mark Tedder,Gay,Blood & Water,2020–2024,Netflix
Michael Kelting,Gay,Blutige Anfänger,2020–,ZDF
Dr. Claas Steinebach,Gay,Blutige Anfänger,2020–,ZDF
Bruno Pérez,Gay,Blutige Anfänger,2020–,ZDF
Phillip Schneider,Gay,Blutige Anfänger,2020–,ZDF
Henry Granville,Gay,Bridgerton,2020–,Netflix
Lord Wetherby,Gay,Bridgerton,2020–,Netflix
Benedict Bridgerton,Pansexual,Bridgerton,2020–,Netflix
Francesca Bridgerton,[MANUAL_ENTRY_REQUIRED],Bridgerton,2020–,Netflix
Kiyoshi Adachi,[MANUAL_ENTRY_REQUIRED],Cherry Magic! Thirty Years of Virginity Can Make You a Wizard?!,2020,"TV Tokyo, Tencent Video, Crunchyroll"
Yuichi Kurosawa,[MANUAL_ENTRY_REQUIRED],Cherry Magic! Thirty Years of Virginity Can Make You a Wizard?!,2020,"TV Tokyo, Tencent Video, Crunchyroll"
Gerry Granda,Gay,Control Z,2020–2022,Netflix
Isabela De La Fuente,Transgender,Control Z,2020–2022,Netflix
Álex Salomone,Lesbian,Control Z,2020–2022,Netflix
Maria Alexander,Bisexual,Control Z,2020–2022,Netflix
Luis Navarro,Gay,Control Z,2020–2022,Netflix
Felipe 'Pipe',Gay,Control Z,2020–2022,Netflix
Bernardo,Gay,Control Z,2020–2022,Netflix
Gabriela,Lesbian,Control Z,2020–2022,Netflix
Dr. Oliver Post,Gay,Council of Dads,2020,NBC
Peter Richards,Gay,Council of Dads,2020,NBC
Charlotte Perry,Lesbian,Council of Dads,2020,NBC
JJ Perry,Transgender,Council of Dads,2020,NBC
Daria Raina,Bisexual,Curon,2020,Netflix
Micki Asper,Lesbian,Curon,2020,Netflix
Brianna Bishop,Lesbian,Deputy,2020,Fox
Genevieve,Lesbian,Deputy,2020,Fox
Vera,Lesbian,Desenfrenadas,2020,Netflix
Marcela,[MANUAL_ENTRY_REQUIRED],Desenfrenadas,2020,Netflix
"Roberto ""Bobby"" Cañero-Reed",Gay,Diary of a Future President,2020-2021,Disney+
CJ,[MANUAL_ENTRY_REQUIRED],Diary of a Future President,2020-2021,Disney+
Camilla,[MANUAL_ENTRY_REQUIRED],Diary of a Future President,2020-2021,Disney+
Daniella,[MANUAL_ENTRY_REQUIRED],Diary of a Future President,2020-2021,Disney+
Simone,Transgender,Dispatches from Elsewhere,2020,AMC
Aisha,Bisexual,Don't Look Deeper,2020,Quibi
Camille,[MANUAL_ENTRY_REQUIRED],Emily in Paris,2020–,Netflix
Sofia Sideris,[MANUAL_ENTRY_REQUIRED],Emily in Paris,2020–,Netflix
Garcia,Gay,El Cid,2020–2021,Amazon Prime Video
Sheryll Barnes,Lesbian,FBI: Most Wanted,2020–2025,CBS
Mae,Bisexual,Feel Good,2020–2021,Channel 4; Netflix
George,[MANUAL_ENTRY_REQUIRED],Feel Good,2020–2021,Channel 4; Netflix
Cairo Lazaro,Gay,Gameboys,2020,YouTube Netflix
Gavreel Mendoza Alarcon,Gay,Gameboys,2020,YouTube Netflix
Pearl Gatdula,Bisexual,Gameboys,2020,YouTube Netflix
Ana Morales,Lesbian,Gentefied,2020–2021,Netflix
Olivia Hayes,Lesbian,Get Even,2020,BBC iPlayer
Amber,Lesbian,Get Even,2020,BBC iPlayer
"Siddhartha ""Sid"" Pakam",Gay,Grand Army,2020,Netflix
Victor,Bisexual,Grand Army,2020,Netflix
"Danielle ""Dani"" Clayton",Lesbian,The Haunting of Bly Manor,2020,Netflix
Jamie Taylor,Lesbian,The Haunting of Bly Manor,2020,Netflix
Chris Yen,Gay,Helstrom,2020,Hulu
Derrick Jackson,Gay,Helstrom,2020,Hulu
Jackie Quinones,Lesbian,Hightown,2020–2024,Starz
Devonne Wilson,Lesbian,Hightown,2020–2024,Starz
"Richard ""Dick"" Samuels",Gay,Hollywood,2020,Netflix
"Ernest ""Ernie"" West",[MANUAL_ENTRY_REQUIRED],Hollywood,2020,Netflix
Rock Hudson,Gay,Hollywood,2020,Netflix
Archie Coleman,[MANUAL_ENTRY_REQUIRED],Hollywood,2020,Netflix
Henry Willson,Gay,Hollywood,2020,Netflix
George Cukor,[MANUAL_ENTRY_REQUIRED],Hollywood,2020,Netflix
Noël Coward,[MANUAL_ENTRY_REQUIRED],Hollywood,2020,Netflix
Millie Morris,Lesbian,Hunters,2020–2023,Amazon Prime Video
Maria De La Ruiz,Lesbian,Hunters,2020–2023,Amazon Prime Video
"Sydney ""Syd"" Novak",Lesbian,I Am Not Okay with This,2020,Netflix
Kwame,Gay,I May Destroy You,2020,BBC One HBO
Damon,Gay,I May Destroy You,2020,BBC One HBO
Tyrone,Gay,I May Destroy You,2020,BBC One HBO
Kai,Gay,I May Destroy You,2020,BBC One HBO
Gus Sackey,Gay,Industry,2020-,HBO
Robert Spearing,Bisexual,Industry,2020-,HBO
TheoTuck,Gay,Industry,2020-,HBO
Alex Mercer,Gay,Julie and the Phantoms,2020,Netflix
Willie,Gay,Julie and the Phantoms,2020,Netflix
Jorge/Ginger Lopez,Gay,Katy Keene,2020,The CW
Pepper Smith,Queer,Katy Keene,2020,The CW
Fran,Lesbian,Kissing Game,2020,Netflix
Chico,Gay,Kissing Game,2020,Netflix
Bel,Bisexual,Kissing Game,2020,Netflix
Maurílio,Gay,Kissing Game,2020,Netflix
Alex Nero,Gay,Kissing Game,2020,Netflix
Rafiq,Gay,Little America,2020–2022,Apple TV+
Zain,Gay,Little America,2020–2022,Apple TV+
Mia Warren,Bisexual,Little Fires Everywhere,2020,Hulu
Pauline Hawthorne,Lesbian,Little Fires Everywhere,2020,Hulu
Izzy Richardson,Lesbian,Little Fires Everywhere,2020,Hulu
April Jarvis,Lesbian,Little Fires Everywhere,2020,Hulu
Duncan Locke,Gay,Locke & Key,2020–2022,Netflix
Victor Salazar,[MANUAL_ENTRY_REQUIRED],"Love, Victor",2020–2022,Hulu
Benji Campbell,Gay,"Love, Victor",2020–2022,Hulu
Rahim,Gay,"Love, Victor",2020–2022,Hulu
Derek,Gay,"Love, Victor",2020–2022,Hulu
Bram Greenfeld,Gay,"Love, Victor",2020–2022,Hulu
Simon Spier,Gay,"Love, Victor",2020–2022,Hulu
Montrose Freeman,Gay,Lovecraft Country,2020,HBO
Sammy,Gay,Lovecraft Country,2020,HBO
Leptis,Lesbian,Luna Nera,2020,Netflix
Tebe,Lesbian,Luna Nera,2020,Netflix
Rupert Parker,Gay,Miss Scarlet and The Duke,2020–,Alibi
Raelle Collar,Lesbian,Motherland: Fort Salem,2020–2022,Freeform
Scylla Ramshorn,Bisexual,Motherland: Fort Salem,2020–2022,Freeform
Bohn,Gay,My Engineer,2020,Tencent Video
Duen,Gay,My Engineer,2020,Tencent Video
Ram,Gay,My Engineer,2020,Tencent Video
King,Gay,My Engineer,2020,Tencent Video
Mek,Gay,My Engineer,2020,Tencent Video
Boss,Gay,My Engineer,2020,Tencent Video
Frong,Gay,My Engineer,2020,Tencent Video
Thara,Gay,My Engineer,2020,Tencent Video
Caleb Burford,Gay,Mystic,2020–2022,CBBC TVNZ
Rachel,[MANUAL_ENTRY_REQUIRED],Mythic Quest,2020–2025,Apple TV+
Dana,[MANUAL_ENTRY_REQUIRED],Mythic Quest,2020–2025,Apple TV+
Fabiola Torres,Lesbian,Never Have I Ever,2020–2023,Netflix
Eve,Lesbian,Never Have I Ever,2020–2023,Netflix
Jonah Sharpe,Gay,Never Have I Ever,2020–2023,Netflix
Ashley Collins,Lesbian,Nurses,2020–2021,Global
Caro,Lesbian,Nurses,2020–2021,Global
Geoff Allen,Gay,October Faction,2020,Netflix
Phillip Mishra,Gay,October Faction,2020,Netflix
Uncle Clifford,Queer,P-Valley,2020–,Starz
Lil Murda,Gay,P-Valley,2020–,Starz
Matthew,Transgender,Party of Five,2020,Freeform
Rio (Reina),Bisexual,Penny Dreadful: City of Angels,2020,Showtime
Mateo Vega,[MANUAL_ENTRY_REQUIRED],Penny Dreadful: City of Angels,2020,Showtime
Fly Rico,[MANUAL_ENTRY_REQUIRED],Penny Dreadful: City of Angels,2020,Showtime
Charlton Townsend,Gay,Penny Dreadful: City of Angels,2020,Showtime
Kurt,Gay,Penny Dreadful: City of Angels,2020,Showtime
Della Street,[MANUAL_ENTRY_REQUIRED],Perry Mason,2020–2023,HBO
Hazel Prystock,[MANUAL_ENTRY_REQUIRED],Perry Mason,2020–2023,HBO
Dru Tejada,Gay,Power Book II: Ghost,2020–2024,Starz
Effie Morales,Bisexual,Power Book II: Ghost,2020–2024,Starz
D.L. Townes,Gay,The Queen's Gambit,2020,Netflix
Isolde Eidsvoll,Lesbian,Ragnarok,2020–2023,Netflix
Laurits Seier,Bisexual,Ragnarok,2020–2023,Netflix
Mildred Ratched,Bisexual,Ratched,2020,Netflix
Gwendolyn Briggs,Lesbian,Ratched,2020,Netflix
Ingrid,Lesbian,Ratched,2020,Netflix
Lily Cartwright,Lesbian,Ratched,2020,Netflix
Nina,Bisexual,Reality Z,2020,Netflix
Madonna,Transgender,Reality Z,2020,Netflix
Roberta,Bisexual,Reality Z,2020,Netflix
Bess Till,Lesbian,Snowpiercer,2020–2022,TNT
Jinju Seong,Lesbian,Snowpiercer,2020–2022,TNT
Gabino Falcón,Gay,Someone Has to Die,2020,Netflix
Alonso Aldama,Gay,Someone Has to Die,2020,Netflix
Mateo,Gay,Soulmates,2020,AMC
Jonah,Gay,Soulmates,2020,AMC
Seven of Nine,Pansexual,Star Trek: Picard,2020–2023,CBS All Access
Raffi Musiker,Bisexual,Star Trek: Picard,2020–2023,CBS All Access
Bjayzl,Pansexual,Star Trek: Picard,2020–2023,CBS All Access
Sofia,Lesbian,Summertime,2020–2022,Netflix
Gaddis,Gay,Tales from the Loop,2020,Amazon Prime Video
Gaddis 2.0,Gay,Tales from the Loop,2020,Amazon Prime Video
Alex,Gay,Tales from the Loop,2020,Amazon Prime Video
Kent,[MANUAL_ENTRY_REQUIRED],Tales from the Loop,2020,Amazon Prime Video
Sterling,Bisexual,Teenage Bounty Hunters,2020,Netflix
April,Lesbian,Teenage Bounty Hunters,2020,Netflix
Jocelyn Durbin,Bisexual,Teenage Bounty Hunters,2020,Netflix
Tina,Bisexual,Teenage Bounty Hunters,2020,Netflix
Shane McRae,Gay,Tiny Pretty Things,2020,Netflix
Oren Lennox,[MANUAL_ENTRY_REQUIRED],Tiny Pretty Things,2020,Netflix
Isabel Cruz,Lesbian,Tiny Pretty Things,2020,Netflix
Topher Brooks,Gay,Tiny Pretty Things,2020,Netflix
Alan Renfrew,[MANUAL_ENTRY_REQUIRED],Tiny Pretty Things,2020,Netflix
Dev Ranaweera,Gay,Tiny Pretty Things,2020,Netflix
Zoe Estrella,Lesbian,Tiny Pretty Things,2020,Netflix
"Abigail ""Tommy"" Thomas",Lesbian,Tommy,2020,CBS
Kiley Mills,Lesbian,Tommy,2020,CBS
Hattie,Lesbian,Twenties,2020–2021,BET
Ida B.,[MANUAL_ENTRY_REQUIRED],Twenties,2020–2021,BET
Chuck,Bisexual,Twenties,2020–2021,BET
Brooklyn 2,[MANUAL_ENTRY_REQUIRED],Utopia Falls,2020,Hulu
Sage 5,[MANUAL_ENTRY_REQUIRED],Utopia Falls,2020,Hulu
Elida Al-Feyr,Pansexual,Vagrant Queen,2020,Syfy
Amae Rali,Pansexual,Vagrant Queen,2020,Syfy
Lucienne Hassell,Lesbian,Van der Valk,2020–,ITV
"Cristina Ortiz ""La Veneno""",Transgender,Veneno,2020,Atresplayer Premium
Valeria Vegas,Transgender,Veneno,2020,Atresplayer Premium
Paca la Piraña,Transgender,Veneno,2020,Atresplayer Premium
Felix Carlucci,Gay,The Walking Dead: World Beyond,2020–2021,AMC
Will Campbell,Gay,The Walking Dead: World Beyond,2020–2021,AMC
Sister Beatrice,Lesbian,Warrior Nun,2020–2022,Netflix
"Heloísa ""Lica"" Gutierrez",[MANUAL_ENTRY_REQUIRED],We Are Five,2020–2024,Globoplay
Samantha Lambertini,Bisexual,We Are Five,2020–2024,Globoplay
"Augusto ""Guto"" Sampaio Neto",Gay,We Are Five,2020–2024,Globoplay
Miguel,Gay,We Are Five,2020–2024,Globoplay
Alice,Lesbian,We Are Five,2020–2024,Globoplay
"Cristina ""Tina"" Yamada",Bisexual,We Are Five,2020–2024,Globoplay
Catarina,Bisexual,We Are Five,2020–2024,Globoplay
Renata,Lesbian,We Are Five,2020–2024,Globoplay
Erica,Lesbian,We Are Five,2020–2024,Globoplay
Sarah Wilson,Lesbian,We Are Who We Are,2020,HBO; Sky Atlantic
Maggie Teixeira,Lesbian,We Are Who We Are,2020,HBO; Sky Atlantic
Han Tae-joo,Gay,Where Your Eyes Linger,2020,Rakuten Viki
Kang-gook,Gay,Where Your Eyes Linger,2020,Rakuten Viki
Kika Calafat,Bisexual,White Lines,2020,Netflix
Sissy,Bisexual,White Lines,2020,Netflix
Zon,Gay,Why R U?,2020,One 31; Line TV
Saifah,Gay,Why R U?,2020,One 31; Line TV
Tutor,Gay,Why R U?,2020,One 31; Line TV
Fighter,Gay,Why R U?,2020,One 31; Line TV
Zen,[MANUAL_ENTRY_REQUIRED],Why R U?,2020,One 31; Line TV
Natee,[MANUAL_ENTRY_REQUIRED],Why R U?,2020,One 31; Line TV
Japan,[MANUAL_ENTRY_REQUIRED],Why R U?,2020,One 31; Line TV
Tanthai,[MANUAL_ENTRY_REQUIRED],Why R U?,2020,One 31; Line TV
Dew,[MANUAL_ENTRY_REQUIRED],Why R U?,2020,One 31; Line TV
Blue,[MANUAL_ENTRY_REQUIRED],Why R U?,2020,One 31; Line TV
Champ,[MANUAL_ENTRY_REQUIRED],Why R U?,2020,One 31; Line TV
Luktan,Transgender,Why R U?,2020,One 31; Line TV
Toni Shalifoe,Lesbian,The Wilds,2020–2022,Amazon Prime Video
Shelby Goodkind,Lesbian,The Wilds,2020–2022,Amazon Prime Video
Regan,Lesbian,The Wilds,2020–2022,Amazon Prime Video
Mo,Gay,Zoey's Extraordinary Playlist,2020–2021,NBC
Eddie,Gay,Zoey's Extraordinary Playlist,2020–2021,NBC
Jake,Gay,Chucky,2021–2024,USA Syfy
Devon,[MANUAL_ENTRY_REQUIRED],Chucky,2021–2024,USA Syfy
Nica Peirce,[MANUAL_ENTRY_REQUIRED],Chucky,2021–2024,USA Syfy
Tiffany Valentine,[MANUAL_ENTRY_REQUIRED],Chucky,2021–2024,USA Syfy
Faye Valentine,Bisexual,Cowboy Bebop,2021,Netflix
Kate Wallis,[MANUAL_ENTRY_REQUIRED],Cruel Summer,2021–2023,Freeform
Mallory Higgins,Lesbian,Cruel Summer,2021–2023,Freeform
Vince Fuller,Gay,Cruel Summer,2021–2023,Freeform
Ben Hallowell,Gay,Cruel Summer,2021–2023,Freeform
"Viola ""Aunt Vi"" Marsette",Bisexual,The Equalizer,2021–2025,CBS
Dane,Queer,Fate: The Winx Saga,2021–2022,Netflix
Bel Riose,[MANUAL_ENTRY_REQUIRED],Foundation,2021–,Apple TV+
Glawen Curr,[MANUAL_ENTRY_REQUIRED],Foundation,2021–,Apple TV+
Greta,[MANUAL_ENTRY_REQUIRED],Generation,2021,HBO Max
Nathan,Bisexual,Generation,2021,HBO Max
Chester,Gay,Generation,2021,HBO Max
Sam,Gay,Generation,2021,HBO Max
Riley,Bisexual,Generation,2021,HBO Max
Lucia (Luz),Queer,Generation,2021,HBO Max
Joe,[MANUAL_ENTRY_REQUIRED],Generation,2021,HBO Max
Patrick,[MANUAL_ENTRY_REQUIRED],Generation,2021,HBO Max
Hookup Guy (Garrett),[MANUAL_ENTRY_REQUIRED],Generation,2021,HBO Max
"Maxine ""Max"" Baker",Lesbian,Ginny & Georgia,2021–,Netflix
Max Wolfe,Pansexual,Gossip Girl,2021–23,HBO Max
"Akeno ""Aki"" Menzies",Bisexual,Gossip Girl,2021–23,HBO Max
Monet De Haan,Lesbian,Gossip Girl,2021–23,HBO Max
"Rafael ""Rafa"" Caparros",[MANUAL_ENTRY_REQUIRED],Gossip Girl,2021–23,HBO Max
Gideon Wolfe,Gay,Gossip Girl,2021–23,HBO Max
Luna La,Transgender,Gossip Girl,2021–23,HBO Max
Roy Sachs,[MANUAL_ENTRY_REQUIRED],Gossip Girl,2021–23,HBO Max
Halston,Gay,Halston,2021,Netflix
Wendy,[MANUAL_ENTRY_REQUIRED],Hawkeye,2021,Disney+
Allison,Bisexual,I Know What You Did Last Summer,2021,Amazon Prime Video
Margot,Lesbian,I Know What You Did Last Summer,2021,Amazon Prime Video
Johnny,Gay,I Know What You Did Last Summer,2021,Amazon Prime Video
Harper,Pansexual,iCarly,2021–2023,Paramount+
Double Dutch,[MANUAL_ENTRY_REQUIRED],iCarly,2021–2023,Paramount+
Yamato Mitsuki,[MANUAL_ENTRY_REQUIRED],Invasion,2021–,Apple TV+
Hinata Murai,[MANUAL_ENTRY_REQUIRED],Invasion,2021–,Apple TV+
Dr. Watson,Gay,The Irregulars,2021,Netflix
Ritchie Tozer,Gay,It's a Sin,2021,Channel 4
Roscoe Babatunde,Gay,It's a Sin,2021,Channel 4
Colin Morris-Jones,Gay,It's a Sin,2021,Channel 4
Ash Mukherjee,Gay,It's a Sin,2021,Channel 4
Henry Coltrane,Gay,It's a Sin,2021,Channel 4
"Patricia ""Patty"" Deirdre O'Connor",[MANUAL_ENTRY_REQUIRED],Kevin Can F**k Himself,2021–2022,AMC
Tammy Ridgeway,[MANUAL_ENTRY_REQUIRED],Kevin Can F**k Himself,2021–2022,AMC
Ryan Shen,Gay,Kung Fu,2021–2023,The CW
Joe Harper,[MANUAL_ENTRY_REQUIRED],Kung Fu,2021–2023,The CW
Sebastian Cailao,[MANUAL_ENTRY_REQUIRED],Kung Fu,2021–2023,The CW
Leonardo da Vinci,[MANUAL_ENTRY_REQUIRED],Leonardo,2021,Rai 1
Maurice,Gay,Leverage: Redemption,2021-,Amazon Freevee
Stella Voleur,[MANUAL_ENTRY_REQUIRED],Leverage: Redemption,2021-,Amazon Freevee
Josephine,[MANUAL_ENTRY_REQUIRED],Leverage: Redemption,2021-,Amazon Freevee
Breanna Casey,[MANUAL_ENTRY_REQUIRED],Leverage: Redemption,2021-,Amazon Freevee
Emily Yoo,[MANUAL_ENTRY_REQUIRED],Leverage: Redemption,2021-,Amazon Freevee
Woo Tae-kyung,[MANUAL_ENTRY_REQUIRED],Light on Me,2021,"Viki, WeTV, AbemaTV"
Noh Shin-woo,[MANUAL_ENTRY_REQUIRED],Light on Me,2021,"Viki, WeTV, AbemaTV"
Shin Da-on,[MANUAL_ENTRY_REQUIRED],Light on Me,2021,"Viki, WeTV, AbemaTV"
Loki,Bisexual,Loki,2021–2023,Disney+
Sylvie,Bisexual,Loki,2021–2023,Disney+
Matthew Venn,Gay,The Long Call,2021,ITV
Jonathan Roberts,Gay,The Long Call,2021,ITV
Sota Aoki,[MANUAL_ENTRY_REQUIRED],My Love Mix-Up!,2021,"TV Asahi, Viki"
Kōsuke Ida,[MANUAL_ENTRY_REQUIRED],My Love Mix-Up!,2021,"TV Asahi, Viki"
Lucy Tara,[MANUAL_ENTRY_REQUIRED],NCIS: Hawaiʻi,2021–2024,CBS
Kate Whistler,[MANUAL_ENTRY_REQUIRED],NCIS: Hawaiʻi,2021–2024,CBS
Hugo Swann,Pansexual,The Nevers,2021,HBO Max
Frank Mundi,Gay,The Nevers,2021,HBO Max
Lars Lee,Gay,Nine Perfect Strangers,2021–,Hulu
Janae,Lesbian,One of Us Is Lying,2021–2022,Peacock
Maeve,Lesbian,One of Us Is Lying,2021–2022,Peacock
Cooper,Gay,One of Us Is Lying,2021–2022,Peacock
Kris,Gay,One of Us Is Lying,2021–2022,Peacock
Mabel Mora,Bisexual,Only Murders in the Building,2021-,Hulu
Sazz Pataki,Bisexual,Only Murders in the Building,2021-,Hulu
Jan Bellows,Bisexual,Only Murders in the Building,2021-,Hulu
"""KK"" Chak Kwok Keung",[MANUAL_ENTRY_REQUIRED],Ossan's Love,2021,ViuTV
"""Muk"" Ling Siu Muk",[MANUAL_ENTRY_REQUIRED],Ossan's Love,2021,ViuTV
"""Tin"" Tin Yat Hung",[MANUAL_ENTRY_REQUIRED],Ossan's Love,2021,ViuTV
Simone Balestra,Gay,Un professore,2021–,Rai 1
Leighton Murray,Lesbian,The Sex Lives of College Girls,2021–2025,HBO MAX
Bela,Bisexual,The Sex Lives of College Girls,2021–2025,HBO MAX
Alicia,[MANUAL_ENTRY_REQUIRED],The Sex Lives of College Girls,2021–2025,HBO MAX
Tova,Non-binary,The Sex Lives of College Girls,2021–2025,HBO MAX
Tatum,[MANUAL_ENTRY_REQUIRED],The Sex Lives of College Girls,2021–2025,HBO MAX
Jesper Fahey,Bisexual,Shadow and Bone,2021–2023,Netflix
Fedyor Kaminsky,[MANUAL_ENTRY_REQUIRED],Shadow and Bone,2021–2023,Netflix
Ivan,[MANUAL_ENTRY_REQUIRED],Shadow and Bone,2021–2023,Netflix
Nadia Zhabin,Queer,Shadow and Bone,2021–2023,Netflix
Wendy,Lesbian,Sky Rojo,2021–2023,Netflix
Cho Hyun-ju,Transgender,Squid Game,2021–2025,Netflix
Bernard Upshaw Jr.,Gay,The Upshaws,2021–,Netflix
Hector,Gay,The Upshaws,2021–,Netflix
Liam Walker,Gay,Walker,2021–2024,The CW
Gao Shide,[MANUAL_ENTRY_REQUIRED],We Best Love,2021,Tencent Video
Zhou Shuyi,[MANUAL_ENTRY_REQUIRED],We Best Love,2021,Tencent Video
Pei Shouyi,[MANUAL_ENTRY_REQUIRED],We Best Love,2021,Tencent Video
Yu Zhenxuan,[MANUAL_ENTRY_REQUIRED],We Best Love,2021,Tencent Video
Shi Zheyu,[MANUAL_ENTRY_REQUIRED],We Best Love,2021,Tencent Video
Liu Bingwei,[MANUAL_ENTRY_REQUIRED],We Best Love,2021,Tencent Video
Moiraine Damodred,[MANUAL_ENTRY_REQUIRED],The Wheel of Time,2021–2025,Amazon Prime Video
Siuan Sanche,[MANUAL_ENTRY_REQUIRED],The Wheel of Time,2021–2025,Amazon Prime Video
Armond,Gay,The White Lotus (Season 1),2021–,HBO
Dillon,Gay,The White Lotus (Season 1),2021–,HBO
Jorge Diaz Jr,Gay,With Love,2021–2023,Amazon Prime Video
Henry,[MANUAL_ENTRY_REQUIRED],With Love,2021–2023,Amazon Prime Video
Sol Perez,Non-binary,With Love,2021–2023,Amazon Prime Video
Charlie Murphy,Non-binary,With Love,2021–2023,Amazon Prime Video
Taissa Turner,[MANUAL_ENTRY_REQUIRED],Yellowjackets,2021–,Showtime
"Vanessa ""Van"" Palmer",[MANUAL_ENTRY_REQUIRED],Yellowjackets,2021–,Showtime
Simone Abara,[MANUAL_ENTRY_REQUIRED],Yellowjackets,2021–,Showtime
Wilhelm,[MANUAL_ENTRY_REQUIRED],Young Royals,2021– 2024,Netflix
Simon,Gay,Young Royals,2021– 2024,Netflix
Vel Sartha,[MANUAL_ENTRY_REQUIRED],Andor,2022–2025,Disney+
Cinta Kaz,[MANUAL_ENTRY_REQUIRED],Andor,2022–2025,Disney+
Nathan Byrne,Bisexual,The Bastard Son & The Devil Himself,2022,Netflix
Gabriel,Queer,The Bastard Son & The Devil Himself,2022,Netflix
Jack Rooke,Gay,Big Boys,2022-2025,Channel 4
Yemi,Gay,Big Boys,2022-2025,Channel 4
Avinash Anand,Gay,The Fame Game,2022,Netflix
Samar,Gay,The Fame Game,2022,Netflix
Shobha Trivedi,Lesbian,The Fame Game,2022,Netflix
Sheila,Lesbian,The Fame Game,2022,Netflix
Nick Nelson,Bisexual,Heartstopper,2022–,Netflix
Charlie Spring,Gay,Heartstopper,2022–,Netflix
Elle Argent,Transgender,Heartstopper,2022–,Netflix
Tara Jones,Lesbian,Heartstopper,2022–,Netflix
Darcy Olsson,Non-binary,Heartstopper,2022–,Netflix
Ben Hope,[MANUAL_ENTRY_REQUIRED],Heartstopper,2022–,Netflix
Nathan Ajayi,Gay,Heartstopper,2022–,Netflix
Coach Singh,Lesbian,Heartstopper,2022–,Netflix
Youssef Farouk,Gay,Heartstopper,2022–,Netflix
Sahar Zahid,Bisexual,Heartstopper,2022–,Netflix
Naomi Russell,Transgender,Heartstopper,2022–,Netflix
Isaac Henderson,[MANUAL_ENTRY_REQUIRED],Heartstopper,2022–,Netflix
Felix Britten,Non-binary,Heartstopper,2022–,Netflix
Michael Holden,Pansexual,Heartstopper,2022–,Netflix
Tori Spring,[MANUAL_ENTRY_REQUIRED],Heartstopper,2022–,Netflix
Aled Last,Gay,Heartstopper,2022–,Netflix
Imogen Heaney,Pansexual,Heartstopper,2022–,Netflix
James McEwan,Gay,Heartstopper,2022–,Netflix
Laenor Velaryon,[MANUAL_ENTRY_REQUIRED],House of the Dragon,2022–,HBO
Joffrey Lonmouth,[MANUAL_ENTRY_REQUIRED],House of the Dragon,2022–,HBO
Ellen,Lesbian,How I Met Your Father,2022–2023,Hulu
Massimo,[MANUAL_ENTRY_REQUIRED],The Ignorant Angels,2022,Disney+
Michele,[MANUAL_ENTRY_REQUIRED],The Ignorant Angels,2022,Disney+
Vera,Transgender,The Ignorant Angels,2022,Disney+
Annamaria,Lesbian,The Ignorant Angels,2022,Disney+
Roberta,Lesbian,The Ignorant Angels,2022,Disney+
Riccardo,Gay,The Ignorant Angels,2022,Disney+
Luciano,Gay,The Ignorant Angels,2022,Disney+
Louis de Pointe du Lac,Gay,Interview with the Vampire,2022–,AMC
Lestat de Lioncourt,Bisexual,Interview with the Vampire,2022–,AMC
Daniel Molloy,Bisexual,Interview with the Vampire,2022–,AMC
Laurie,[MANUAL_ENTRY_REQUIRED],Irma Vep,2022,HBO
Mira,[MANUAL_ENTRY_REQUIRED],Irma Vep,2022,HBO
Kinn Theerapanyakul,Gay,KinnPorsche,2022,One 31 iQIYI
Porsche Kittisawasd,Gay,KinnPorsche,2022,One 31 iQIYI
Vegas Theerapanyakul,[MANUAL_ENTRY_REQUIRED],KinnPorsche,2022,One 31 iQIYI
Pete,[MANUAL_ENTRY_REQUIRED],KinnPorsche,2022,One 31 iQIYI
Kim Theerapanyakul,[MANUAL_ENTRY_REQUIRED],KinnPorsche,2022,One 31 iQIYI
Porchay Kittisawasd,[MANUAL_ENTRY_REQUIRED],KinnPorsche,2022,One 31 iQIYI
Tay,[MANUAL_ENTRY_REQUIRED],KinnPorsche,2022,One 31 iQIYI
Time,[MANUAL_ENTRY_REQUIRED],KinnPorsche,2022,One 31 iQIYI
Yok,Transgender,KinnPorsche,2022,One 31 iQIYI
Tawan,[MANUAL_ENTRY_REQUIRED],KinnPorsche,2022,One 31 iQIYI
Sanae Nozue,[MANUAL_ENTRY_REQUIRED],Old-Fashioned Cupcake,2022,"Fuji Television, Viki, GagaOOLala"
Minoru Togawa,[MANUAL_ENTRY_REQUIRED],Old-Fashioned Cupcake,2022,"Fuji Television, Viki, GagaOOLala"
Stede Bonnet,[MANUAL_ENTRY_REQUIRED],Our Flag Means Death,2022– 2023,HBO
Blackbeard,[MANUAL_ENTRY_REQUIRED],Our Flag Means Death,2022– 2023,HBO
Jim,Non-binary,Our Flag Means Death,2022– 2023,HBO
Oluwande Boodhari,[MANUAL_ENTRY_REQUIRED],Our Flag Means Death,2022– 2023,HBO
Black Pete,[MANUAL_ENTRY_REQUIRED],Our Flag Means Death,2022– 2023,HBO
Lucius,[MANUAL_ENTRY_REQUIRED],Our Flag Means Death,2022– 2023,HBO
John Rackham,[MANUAL_ENTRY_REQUIRED],Our Flag Means Death,2022– 2023,HBO
Archie,[MANUAL_ENTRY_REQUIRED],Our Flag Means Death,2022– 2023,HBO
Deputy Sheriff Joy Hawk,Lesbian,Outer Range,2022–2024,Amazon Prime Video
Christopher Smith / Peacemaker,Bisexual,Peacemaker,2022–,HBO Max
Leota Adebayo,Lesbian,Peacemaker,2022–,HBO Max
Keeya,[MANUAL_ENTRY_REQUIRED],Peacemaker,2022–,HBO Max
Ash,[MANUAL_ENTRY_REQUIRED],Pretty Little Liars: Original Sin,2022–2024,HBO Max
Elodie Honrada,[MANUAL_ENTRY_REQUIRED],Pretty Little Liars: Original Sin,2022–2024,HBO Max
Shirley Honrada,[MANUAL_ENTRY_REQUIRED],Pretty Little Liars: Original Sin,2022–2024,HBO Max
Antonio Sandoval,Gay,Promised Land,2022,ABC
Luka Colucci,Gay,Rebelde,2022–2023,Netflix
Guillermo Álvarez (Dixon),Bisexual,Rebelde,2022–2023,Netflix
Emília Alo,Pansexual,Rebelde,2022–2023,Netflix
Andrea Agosti (Andi),Lesbian,Rebelde,2022–2023,Netflix
The Corinthian,[MANUAL_ENTRY_REQUIRED],The Sandman,2022–2025,Netflix
Johanna Constantine,Bisexual,The Sandman,2022–2025,Netflix
Judy,[MANUAL_ENTRY_REQUIRED],The Sandman,2022–2025,Netflix
Alex Burgess,[MANUAL_ENTRY_REQUIRED],The Sandman,2022–2025,Netflix
Desire of the Endless,[MANUAL_ENTRY_REQUIRED],The Sandman,2022–2025,Netflix
Lucifer Morningstar,[MANUAL_ENTRY_REQUIRED],The Sandman,2022–2025,Netflix
Jang Jae-young,[MANUAL_ENTRY_REQUIRED],Semantic Error,2022,Watcha
Choo Sang-woo,[MANUAL_ENTRY_REQUIRED],Semantic Error,2022,Watcha
Irving Bailiff,[MANUAL_ENTRY_REQUIRED],Severance,2022–,Apple TV+
Burt Goodman,[MANUAL_ENTRY_REQUIRED],Severance,2022–,Apple TV+
Craig Hollis / Mr. Immortal,Bisexual,She-Hulk: Attorney at Law,2022,Disney+
Nomoto Yuki,[MANUAL_ENTRY_REQUIRED],"She Loves to Cook, and She Loves to Eat",2022–2024,NHK General TV
Kasuga Totoko,[MANUAL_ENTRY_REQUIRED],"She Loves to Cook, and She Loves to Eat",2022–2024,NHK General TV
Adam,Gay,"Single, Out",2022–,Here TV
Josh,Pansexual,"Single, Out",2022–,Here TV
Gabe,[MANUAL_ENTRY_REQUIRED],"Single, Out",2022–,Here TV
Marco,Gay,"Single, Out",2022–,Here TV
Dazi,Non-binary,"Single, Out",2022–,Here TV
Sally,Lesbian,"Single, Out",2022–,Here TV
Lex,Bisexual,"Single, Out",2022–,Here TV
Captain Milosz Nowak,[MANUAL_ENTRY_REQUIRED],SkyMed,2022–,Paramount+
Tristan Green,[MANUAL_ENTRY_REQUIRED],SkyMed,2022–,Paramount+
Lexi Martine,[MANUAL_ENTRY_REQUIRED],SkyMed,2022–,Paramount+
Stef,[MANUAL_ENTRY_REQUIRED],SkyMed,2022–,Paramount+
Jack,Bisexual,The White Lotus Sicily (Season 2),2022,HBO
Mia,Bisexual,The White Lotus Sicily (Season 2),2022,HBO
Quentin,Gay,The White Lotus Sicily (Season 2),2022,HBO
Valentina,[MANUAL_ENTRY_REQUIRED],The White Lotus Sicily (Season 2),2022,HBO
Meldof,Lesbian,The Witcher: Blood Origin,2022,Netflix
Eredin,Gay,The Witcher: Blood Origin,2022,Netflix
Brian,Gay,The Witcher: Blood Origin,2022,Netflix
Adam Kay,Gay,This Is Going to Hurt,2022,BBC One
Harry Muir,Gay,This Is Going to Hurt,2022,BBC One
Nick De Noia,Gay,Welcome to Chippendales,2022–2023,Hulu Star
Austin,Gay,Why Are You Like This,2022–,ABC
Mia,Bisexual,Why Are You Like This,2022–,ABC
Daniel,Gay,Why Are You Like This,2022–,ABC
Jade,[MANUAL_ENTRY_REQUIRED],Willow,2022–2023,Disney+
Princess Kit,[MANUAL_ENTRY_REQUIRED],Willow,2022–2023,Disney+
Carlos Cervantez,Bisexual,The Winchesters,2022–2023,The CW
Jamie Walsh,Gay,Wreck,2022-,BBC Three
Olly Reyes,Gay,Wreck,2022-,BBC Three
Vivian Lim,Lesbian,Wreck,2022-,BBC Three
Rosie Preston,[MANUAL_ENTRY_REQUIRED],Wreck,2022-,BBC Three
Niko,[MANUAL_ENTRY_REQUIRED],Absolute Beginners,2023,Netflix
Igor,[MANUAL_ENTRY_REQUIRED],Absolute Beginners,2023,Netflix
Felix Strickland,Gay,The Ark,2023-,SyFy
Jordan Forster,[MANUAL_ENTRY_REQUIRED],Beef,2023,Netflix
Naomi,[MANUAL_ENTRY_REQUIRED],Beef,2023,Netflix
Bunny Pringle,Queer,Black Cake,2023,Hulu
Bunny Pringle,Queer,Black Cake,2023,Hulu
Alfred Hillinghead,Gay,Bodies,2023,Netflix
Henry Ashe,Gay,Bodies,2023,Netflix
Joe Petrus / David Marking / Muscle,[MANUAL_ENTRY_REQUIRED],Culprits,2023,Disney+
Jules,[MANUAL_ENTRY_REQUIRED],Culprits,2023,Disney+
Beverly Mantle,[MANUAL_ENTRY_REQUIRED],Dead Ringers,2023,Amazon Prime Video
Genevieve Cotard,[MANUAL_ENTRY_REQUIRED],Dead Ringers,2023,Amazon Prime Video
Rebecca Parker,Lesbian,Dead Ringers,2023,Amazon Prime Video
Camille L'Espanaye,[MANUAL_ENTRY_REQUIRED],The Fall of the House of Usher,2023,Netflix
Madeline Usher,Bisexual,The Fall of the House of Usher,2023,Netflix
"Napoleon ""Leo"" Usher",[MANUAL_ENTRY_REQUIRED],The Fall of the House of Usher,2023,Netflix
Victorine LaFourcade,[MANUAL_ENTRY_REQUIRED],The Fall of the House of Usher,2023,Netflix
"Prospero ""Perry"" Usher",[MANUAL_ENTRY_REQUIRED],The Fall of the House of Usher,2023,Netflix
C. Auguste Dupin,[MANUAL_ENTRY_REQUIRED],The Fall of the House of Usher,2023,Netflix
"Dr. Alessandra ""Ali"" Ruiz",[MANUAL_ENTRY_REQUIRED],The Fall of the House of Usher,2023,Netflix
Julius,[MANUAL_ENTRY_REQUIRED],The Fall of the House of Usher,2023,Netflix
"Hawkins ""Hawk"" Fuller",Gay,Fellow Travelers,2023,Showtime
Tim Laughlin,[MANUAL_ENTRY_REQUIRED],Fellow Travelers,2023,Showtime
Mel Harmony,[MANUAL_ENTRY_REQUIRED],Full Circle,2023,Max
Carol,[MANUAL_ENTRY_REQUIRED],Full Circle,2023,Max
Natalia,[MANUAL_ENTRY_REQUIRED],Full Circle,2023,Max
Harper Row,[MANUAL_ENTRY_REQUIRED],Gotham Knights,2023,The CW
Stephanie Brown,[MANUAL_ENTRY_REQUIRED],Gotham Knights,2023,The CW
Cullen Row,[MANUAL_ENTRY_REQUIRED],Gotham Knights,2023,The CW
Itzi,Lesbian,Las pelotaris 1926,2023,Vix+
Riley Abel,Queer,The Last of Us,2023-,HBO
Bill,Gay,The Last of Us,2023-,HBO
Dina,Bisexual,The Last of Us,2023-,HBO
Ellie,Lesbian,The Last of Us,2023-,HBO
Frank,Gay,The Last of Us,2023-,HBO
Kat,[MANUAL_ENTRY_REQUIRED],The Last of Us,2023-,HBO
Cate Randa,[MANUAL_ENTRY_REQUIRED],Monarch: Legacy of Monsters,2023–,Apple TV+
Dani,[MANUAL_ENTRY_REQUIRED],Monarch: Legacy of Monsters,2023–,Apple TV+
Lee Wan/Ian,[MANUAL_ENTRY_REQUIRED],Our Dating Sim,2023,"Rakuten TV, Viki, GagaOOLala"
Shin Ki-tae/Eddy,[MANUAL_ENTRY_REQUIRED],Our Dating Sim,2023,"Rakuten TV, Viki, GagaOOLala"
Brimsley,[MANUAL_ENTRY_REQUIRED],Queen Charlotte: A Bridgerton Story,2023,Netflix
Reynolds,[MANUAL_ENTRY_REQUIRED],Queen Charlotte: A Bridgerton Story,2023,Netflix
Charley,Gay,School Spirits,2023-,Paramount+
Emilio Figuero,[MANUAL_ENTRY_REQUIRED],School Spirits,2023-,Paramount+
Yuri,[MANUAL_ENTRY_REQUIRED],School Spirits,2023-,Paramount+
Desi,Lesbian,Sin Huella (No Traces),2023,Amazon Prime Video
Martha Walker,[MANUAL_ENTRY_REQUIRED],Silo,2023-,Apple TV+
Carla,[MANUAL_ENTRY_REQUIRED],Silo,2023-,Apple TV+
Cruz/Zara Manuelos,Bisexual,Special Ops: Lioness,2023,Paramount+
Aaliyah Amrohi,[MANUAL_ENTRY_REQUIRED],Special Ops: Lioness,2023,Paramount+
Tore,Gay,Tore,2023,Netflix
Jecki Lon,[MANUAL_ENTRY_REQUIRED],The Acolyte,2024,Disney+
Agatha Harkness,[MANUAL_ENTRY_REQUIRED],Agatha All Along,2024,Disney+
Rio Vidal,[MANUAL_ENTRY_REQUIRED],Agatha All Along,2024,Disney+
William Kaplan / Billy Maximoff,[MANUAL_ENTRY_REQUIRED],Agatha All Along,2024,Disney+
Eddie,[MANUAL_ENTRY_REQUIRED],Agatha All Along,2024,Disney+
Dana Dang,[MANUAL_ENTRY_REQUIRED],Brilliant Minds,2024-,NBC
Dr. Josh Nichols,Gay,Brilliant Minds,2024-,NBC
Katie Rodriguez,[MANUAL_ENTRY_REQUIRED],Brilliant Minds,2024-,NBC
Dr. Oliver Wolf,Gay,Brilliant Minds,2024-,NBC
Edwin Payne,Gay,Dead Boy Detectives,2024,Netflix
Monty,Gay,Dead Boy Detectives,2024,Netflix
Cat King,[MANUAL_ENTRY_REQUIRED],Dead Boy Detectives,2024,Netflix
Jenny Green,Lesbian,Dead Boy Detectives,2024,Netflix
Maxine,[MANUAL_ENTRY_REQUIRED],Dead Boy Detectives,2024,Netflix
Gabriel,Gay,Lost Boys and Fairies,2024,BBC
Andy,Gay,Lost Boys and Fairies,2024,BBC
"George Villiers, 1st Duke of Buckingham",[MANUAL_ENTRY_REQUIRED],Mary & George,2024,"Sky Atlantic, Starz"
James VI and I,[MANUAL_ENTRY_REQUIRED],Mary & George,2024,"Sky Atlantic, Starz"
"Robert Carr, 1st Earl of Somerset",[MANUAL_ENTRY_REQUIRED],Mary & George,2024,"Sky Atlantic, Starz"
"Mary Villiers, Countess of Buckingham",[MANUAL_ENTRY_REQUIRED],Mary & George,2024,"Sky Atlantic, Starz"
Sandie,[MANUAL_ENTRY_REQUIRED],Mary & George,2024,"Sky Atlantic, Starz"
King Edward,Gay,My Lady Jane,2024,Amazon Prime
Fitz,Gay,My Lady Jane,2024,Amazon Prime
Maki Ryota,[MANUAL_ENTRY_REQUIRED],Ossan's Love Returns,2024,TV Asahi
Haruta Soichi,[MANUAL_ENTRY_REQUIRED],Ossan's Love Returns,2024,TV Asahi
Kurosawa Musashi,[MANUAL_ENTRY_REQUIRED],Ossan's Love Returns,2024,TV Asahi
Vito,Gay,Sram,2024–,"HRT 1, HRTi, YouTube"
Lovro,Gay,Sram,2024–,"HRT 1, HRTi, YouTube"
Ivan Kovačić,Gay,Sram,2024–,"HRT 1, HRTi, YouTube"
Caltonia,[MANUAL_ENTRY_REQUIRED],Those About to Die,2024,"Peacock, Amazon Prime Video"
Cam Bentland,[MANUAL_ENTRY_REQUIRED],Under the Bridge,2024,Hulu
Rebecca Godfrey,[MANUAL_ENTRY_REQUIRED],Under the Bridge,2024,Hulu
Anton Evans,Gay,Adults,2025,FX
Paul Baker,[MANUAL_ENTRY_REQUIRED],Adults,2025,FX
Shelley Morris,[MANUAL_ENTRY_REQUIRED],The Beast in Me,2025,Netflix
Aggie Wiggs,[MANUAL_ENTRY_REQUIRED],The Beast in Me,2025,Netflix
Cameron Cope,Gay,Boots,2025,Netflix
Shane Hollander,[MANUAL_ENTRY_REQUIRED],Heated Rivalry,2025—,Crave
Ilya Rozanov,[MANUAL_ENTRY_REQUIRED],Heated Rivalry,2025—,Crave
Scott Hunter,[MANUAL_ENTRY_REQUIRED],Heated Rivalry,2025—,Crave
"Christopher ""Kip"" Grady",[MANUAL_ENTRY_REQUIRED],Heated Rivalry,2025—,Crave
Charlie Roth,[MANUAL_ENTRY_REQUIRED],Invisible Boys,2025,Stan
Zeke Calogero,[MANUAL_ENTRY_REQUIRED],Invisible Boys,2025,Stan
Kade 'Hammer' Hammersmith,[MANUAL_ENTRY_REQUIRED],Invisible Boys,2025,Stan
Matt Jones,[MANUAL_ENTRY_REQUIRED],Invisible Boys,2025,Stan
Bunny Schneiderman,Gay,Mid-Century Modern,2025-,Hulu
Jerry Frank,Gay,Mid-Century Modern,2025-,Hulu
Arthur Broussard,Gay,Mid-Century Modern,2025-,Hulu
Carroll Mintz,[MANUAL_ENTRY_REQUIRED],Mid-Century Modern,2025-,Hulu
Roque Pérez,Queer,Olympo,2025,Netflix
Sebas Senghor,Gay,Olympo,2025,Netflix
Diego Sorokov,Gay,Olympo,2025,Netflix
Zoe Moral,Bisexual,Olympo,2025,Netflix
Jennifer Pina,[MANUAL_ENTRY_REQUIRED],Olympo,2025,Netflix
Renata Aguilera,[MANUAL_ENTRY_REQUIRED],Olympo,2025,Netflix
Benny,[MANUAL_ENTRY_REQUIRED],Overcompensating,2025,Amazon Prime
Edward Brooks,Gay,Prime Target,2025,Apple TV+
"Alexander ""Sandy"" Gordon",[MANUAL_ENTRY_REQUIRED],Running Point,2025,Netflix
Charlie,[MANUAL_ENTRY_REQUIRED],Running Point,2025,Netflix
